Author,Twitter Followers,Account Type,Id
mngesa,32.0,individual,0
Olang_Moses,21114.0,individual,1
Olang_Moses,20780.0,individual,2
CaesarToreto,10073.0,individual,3
CaesarToreto,10088.0,individual,4
kirubimuigai,221.0,organisational,5
125__iconic,342.0,individual,6
OCHI_RAS,3918.0,individual,7
kilundeezy,42410.0,individual,8
kilundeezy,42001.0,individual,9
kilundeezy,41969.0,individual,10
kilundeezy,41979.0,individual,11
Bonniedes,2024.0,individual,12
EyanoEyano,1600.0,individual,13
dickensjoh,546.0,individual,14
machirabrian,11574.0,individual,15
1stDarwin,1497.0,individual,16
celleboboh,2490.0,individual,17
MishBosslady__,16407.0,individual,18
KThefirst,7662.0,individual,19
Gibore_Silas,1932.0,individual,20
Denoh__,2098.0,individual,21
RutoJoel,1778.0,individual,22
BraqueGeorges,1906.0,individual,23
Mulandi21,937.0,individual,24
ygwaweru,1316.0,individual,25
ApparentKenyan,1180.0,individual,26
twambari,1234.0,individual,27
MugambiNick,147.0,individual,28
randyke1,58.0,individual,29
SangKelvin01,5295.0,individual,30
SangKelvin01,5306.0,individual,31
Giddy_Traitor_9,2020.0,individual,32
Giddy_Traitor_9,2017.0,individual,33
EWitness,113.0,organisational,34
EWitness,112.0,organisational,35
finance_notes21,697.0,individual,36
blessedjackey,501.0,individual,37
KYKiamba,790.0,individual,38
TevinMacharia,462.0,individual,39
TevinMacharia,433.0,individual,40
TevinMacharia,430.0,individual,41
RutoZedekia,2173.0,individual,42
mwangiwamso,268.0,individual,43
AntonyHaruki,74.0,individual,44
ASBELKEMBOI7,485.0,individual,45
ASBELKEMBOI7,374.0,individual,46
MaimunaSaid7,71.0,individual,47
MaimunaSaid7,68.0,individual,48
khanhussein20,4.0,individual,49
Pauline34677965,266.0,individual,50
Geffnuthskey,267.0,individual,51
JohnMulu12,647.0,individual,52
Dizzy_Snazzy,88.0,individual,53
RaswilliEms69,13719.0,individual,54
RaswilliEms69,13731.0,individual,55
RaswilliEms69,13735.0,individual,56
RaswilliEms69,13812.0,individual,57
RaswilliEms69,13817.0,individual,58
RaswilliEms69,13819.0,individual,59
dkdaniek5,201.0,individual,60
Rashidhatibu254,262.0,individual,61
Rashidhatibu254,261.0,individual,62
Rashidhatibu254,255.0,individual,63
IsoeKenty,1528.0,individual,64
IsoeKenty,1500.0,individual,65
KaranjaNjau,10.0,individual,66
dkoech79,1667.0,individual,67
dkoech79,1653.0,individual,68
dkoech79,1625.0,individual,69
nya20sa1,51.0,individual,70
nya20sa1,49.0,individual,71
KenyaKwanza2022,41.0,individual,72
KenyaKwanza2022,40.0,individual,73
254Mish,3941.0,individual,74
254Mish,3945.0,individual,75
kiruiericky,114.0,individual,76
Mwaistanley2,653.0,individual,77
Mwaistanley2,656.0,individual,78
Mwaistanley2,662.0,individual,79
Mwaistanley2,661.0,individual,80
Mwaistanley2,660.0,individual,81
tituskimanthi,1462.0,individual,82
evansktoo15,3990.0,individual,83
Tonipassiany,2040.0,individual,84
Tonipassiany,2008.0,individual,85
Tonipassiany,2031.0,individual,86
Tonipassiany,2029.0,individual,87
LangatBismark1,196.0,individual,88
LangatBismark1,193.0,individual,89
Honkorirsammy,884.0,individual,90
Honkorirsammy,876.0,individual,91
Honkorirsammy,868.0,individual,92
KalyaGs,486.0,individual,93
Robaa82,21649.0,individual,94
Robaa82,21046.0,individual,95
Robaa82,21040.0,individual,96
Robaa82,21043.0,individual,97
Kerichmarley,851.0,individual,98
BelioSturridge,345.0,individual,99
AMASIKANIKENYA,1855.0,individual,100
RoseNavalayo1,1004.0,individual,101
DaView_k,5770.0,individual,102
DaView_k,5773.0,individual,103
DaView_k,5775.0,individual,104
DaView_k,5789.0,individual,105
DaView_k,5782.0,individual,106
simiyujp,38.0,individual,107
NoelRotich,1210.0,individual,108
NoelRotich,1169.0,individual,109
NoelRotich,1151.0,individual,110
NoelRotich,1148.0,individual,111
NoelRotich,1147.0,individual,112
TSetanei,2067.0,individual,113
TSetanei,2065.0,individual,114
TSetanei,2066.0,individual,115
TSetanei,2059.0,individual,116
chelombochet,688.0,individual,117
EBiegon,380.0,individual,118
Kihoti001,79.0,individual,119
Kihoti001,73.0,individual,120
DidmusWaBarasa,268890.0,individual,121
josephayienda1,24.0,individual,122
MwanziaDennis,1298.0,individual,123
cheroiginC,690.0,individual,124
cheroiginC,689.0,individual,125
Permie21,535.0,individual,126
HOMEBUSINESSIN6,1.0,individual,127
Shadrac59769370,76.0,individual,128
senatorkipkemoi,46.0,individual,129
lastiebonnie,321.0,individual,130
lastiebonnie,296.0,individual,131
lastiebonnie,295.0,individual,132
Sir_Rawlings,17001.0,individual,133
Sir_Rawlings,16994.0,individual,134
PropaGandist047,62.0,individual,135
HezronKipronoh,124.0,individual,136
bkipsongol,193.0,individual,137
David___Mbugua,934.0,individual,138
David___Mbugua,933.0,individual,139
David___Mbugua,937.0,individual,140
David___Mbugua,936.0,individual,141
martinwaithaka8,652.0,individual,142
martinwaithaka8,643.0,individual,143
terry_treaza,1147.0,individual,144
BossAdiye,39.0,individual,145
BossAdiye,34.0,individual,146
lord_ofmischief,844.0,individual,147
lord_ofmischief,833.0,individual,148
lord_ofmischief,835.0,individual,149
lord_ofmischief,832.0,individual,150
SiunduHesborn,144.0,individual,151
KinyuaWaIrungu,1077.0,individual,152
KinyuaWaIrungu,1062.0,individual,153
henriqueokinyi1,307.0,individual,154
anyanyakegode,213.0,individual,155
Sam54prync,328.0,individual,156
Martcharismatic,205.0,individual,157
Its_Georgy,2396.0,individual,158
Its_Georgy,2410.0,individual,159
BillowIsmail,2937.0,individual,160
BillowIsmail,2839.0,individual,161
BillowIsmail,2689.0,individual,162
kelvin_mwebia,1967.0,individual,163
kelvin_mwebia,1966.0,individual,164
kelvin_mwebia,1848.0,individual,165
kelvin_mwebia,1849.0,individual,166
kelvin_mwebia,1847.0,individual,167
kelvin_mwebia,1844.0,individual,168
kelvin_mwebia,1797.0,individual,169
kelvin_mwebia,1795.0,individual,170
kelvin_mwebia,1785.0,individual,171
kelvin_mwebia,1783.0,individual,172
kelvin_mwebia,1782.0,individual,173
kelvin_mwebia,1784.0,individual,174
samgtheuri,924.0,individual,175
MWALIMU_AMUNGA,38782.0,individual,176
MWALIMU_AMUNGA,38777.0,individual,177
MWALIMU_AMUNGA,38790.0,individual,178
MWALIMU_AMUNGA,38793.0,individual,179
MWALIMU_AMUNGA,38838.0,individual,180
Araap_Ruto,2245.0,individual,181
Araap_Ruto,2253.0,individual,182
MakokhaDr,1319.0,individual,183
MakokhaDr,1307.0,individual,184
MakokhaDr,1304.0,individual,185
MakokhaDr,1305.0,individual,186
joe_odundo2,6.0,individual,187
Upendo_Andrew,3645.0,individual,188
TheHamara,86.0,individual,189
gcmm86,622.0,individual,190
Vaite254,10289.0,individual,191
Vaite254,10009.0,individual,192
Vaite254,9758.0,individual,193
mosebu,712.0,individual,194
mosebu,713.0,individual,195
jkenyakwanza,728.0,individual,196
jkenyakwanza,705.0,individual,197
jkenyakwanza,692.0,individual,198
Hon_ChaguaRuto,6021.0,individual,199
Hon_ChaguaRuto,5906.0,individual,200
Hon_ChaguaRuto,5905.0,individual,201
el_chaplinn,2387.0,individual,202
fessy_jay,211.0,individual,203
langatvic8,106.0,individual,204
futurelegacy2,332.0,individual,205
Chiskop_peetz,225.0,individual,206
Chiskop_peetz,223.0,individual,207
Chiskop_peetz,221.0,individual,208
Chiskop_peetz,222.0,individual,209
thuoevans,915.0,individual,210
Kelvinmwendwa_,3934.0,individual,211
JKNjenga,136313.0,individual,212
Mp_Kibra,772.0,individual,213
Collins_Oxlade,279.0,individual,214
Patopatoh,644.0,individual,215
Edwardkertz,204.0,individual,216
Edwardkertz,203.0,individual,217
Edwardkertz,202.0,individual,218
Edwardkertz,197.0,individual,219
MweleWycliffe,373.0,individual,220
MweleWycliffe,338.0,individual,221
MweleWycliffe,337.0,individual,222
MurerwaEdwin,10466.0,individual,223
DongThuthi,1130.0,individual,224
DongThuthi,1118.0,individual,225
Kastone_Paul,8708.0,individual,226
Kastone_Paul,8738.0,individual,227
JUNGLELAW12,480.0,individual,228
IKenmax,353.0,individual,229
IKenmax,354.0,individual,230
IKenmax,355.0,individual,231
ratemo_perminus,350.0,individual,232
ratemo_perminus,322.0,individual,233
Real_Cheruiyot,38.0,individual,234
Real_Cheruiyot,37.0,individual,235
aj_njuguna,455.0,individual,236
muhyy,1833.0,individual,237
iamWekesa,5984.0,individual,238
ErickMureka,17.0,individual,239
john_andeka,71.0,individual,240
Theichief,869.0,individual,241
TheBryo,12180.0,individual,242
TheBryo,12170.0,individual,243
Mwikiah,1036.0,individual,244
HacceeWako,88.0,individual,245
Ondieki_001,451.0,individual,246
KiruiMartin,325.0,individual,247
HusseinMohamedg,384774.0,individual,248
tylerkym254,2254.0,individual,249
tylerkym254,2232.0,individual,250
hpashile,1351.0,individual,251
AlfredMwandagha,2399.0,individual,252
kimutaiken_,2659.0,individual,253
kimutaiken_,2661.0,individual,254
Ronoh_1J,823.0,individual,255
Ronoh_1J,804.0,individual,256
Ronoh_1J,796.0,individual,257
Ronoh_1J,792.0,individual,258
wesrono,14833.0,individual,259
wesrono,14769.0,individual,260
Jay__Don_ke,10.0,individual,261
SethMstahifu,888.0,individual,262
ErastoMwenyewe,119.0,individual,263
peterph_gichuhi,672.0,individual,264
peterph_gichuhi,654.0,individual,265
CTenai,488.0,individual,266
TrueCityzen1,1130.0,individual,267
TrueCityzen1,1127.0,individual,268
TrueCityzen1,1123.0,individual,269
HARRYGENIUS_,2295.0,individual,270
HARRYGENIUS_,2292.0,individual,271
MashMMXIV,1918.0,individual,272
Ericmwa,366.0,individual,273
Ericmwa,355.0,individual,274
Ericmwa,356.0,individual,275
sammyko35774250,396.0,individual,276
ruttohcarol,28151.0,individual,277
ruttohcarol,27798.0,individual,278
ruttohcarol,27755.0,individual,279
KevinJumaWSR,474.0,individual,280
lookeeymoha,78.0,individual,281
Sammys2541,1363.0,individual,282
MastonKim1,1753.0,individual,283
MastonKim1,1766.0,individual,284
MastonKim1,1764.0,individual,285
MastonKim1,1763.0,individual,286
MastonKim1,1799.0,individual,287
MastonKim1,1709.0,individual,288
MastonKim1,1710.0,individual,289
DansonKimutai,1521.0,individual,290
EmmanuelKwemoi1,25.0,individual,291
Sucresaid,348.0,individual,292
Karuoyya,1943.0,individual,293
DouglasChiliswa,152.0,individual,294
KELVINWAFULAMA1,343.0,individual,295
Carlyet6,292.0,individual,296
rhouzieosore,1080.0,individual,297
rhouzieosore,1007.0,individual,298
rhouzieosore,1004.0,individual,299
kemboikips04,370.0,individual,300
kemboikips04,375.0,individual,301
tess_njoroge,5955.0,individual,302
Iyewitnes,27.0,individual,303
hustlermilan,257.0,individual,304
hustlermilan,252.0,individual,305
amohprovoke,1408.0,individual,306
amohprovoke,1371.0,individual,307
AlexMugendi11,1167.0,individual,308
CharlesKimuyu,1237.0,individual,309
EPLNewsSoccer,8088.0,individual,310
EPLNewsSoccer,8085.0,individual,311
kirweco14,527.0,individual,312
kirweco14,528.0,individual,313
kirweco14,525.0,individual,314
kirweco14,524.0,individual,315
kirweco14,523.0,individual,316
Gichovi_e,1385.0,individual,317
Nyawira2005,147.0,individual,318
Nyawira2005,139.0,individual,319
Nyawira2005,121.0,individual,320
Nyawira2005,119.0,individual,321
Musinga23169686,20.0,individual,322
LXG_News,254.0,individual,323
manucho__ke,1234.0,individual,324
MikeMusungu1,174.0,individual,325
comradefyat,214851.0,individual,326
g_kimeli,567.0,individual,327
NAIROBI_1ST,1087.0,individual,328
C_chengke,2301.0,individual,329
C_chengke,2305.0,individual,330
FranklinKipyeg1,463.0,individual,331
MwaurahDrax,424.0,individual,332
MwaurahDrax,416.0,individual,333
MwaurahDrax,415.0,individual,334
MwaurahDrax,419.0,individual,335
ckositany,288062.0,individual,336
bibirioni,455.0,individual,337
bibirioni,451.0,individual,338
bibirioni,457.0,individual,339
joe_clinch,819.0,individual,340
AKimorgo,985.0,individual,341
Pr0no,6220.0,individual,342
DrRotichPHD,339.0,individual,343
Elizabe40374232,53.0,individual,344
sospetermkaimba,221.0,individual,345
sospetermkaimba,223.0,individual,346
NtongaiEzekiel,4387.0,individual,347
Wesl_39,142.0,individual,348
MlinziVinnie,409.0,individual,349
MlinziVinnie,411.0,individual,350
MlinziVinnie,412.0,individual,351
TonyKingv20,47.0,individual,352
TonyKingv20,43.0,individual,353
FaithfulnessJSA,658.0,individual,354
FaithfulnessJSA,641.0,individual,355
mulinguum,1092.0,individual,356
DesmondTowett,2103.0,individual,357
DesmondTowett,2099.0,individual,358
DesmondTowett,2098.0,individual,359
sammy_macharia,1467.0,individual,360
sammy_macharia,1462.0,individual,361
sammy_macharia,1456.0,individual,362
sammy_macharia,1454.0,individual,363
caleb_gachugu,501.0,individual,364
caleb_gachugu,498.0,individual,365
ObedMelly,125.0,individual,366
GunnerAfrican,3628.0,organisational,367
GunnerAfrican,3566.0,organisational,368
GunnerAfrican,3419.0,organisational,369
GunnerAfrican,3386.0,organisational,370
GunnerAfrican,3385.0,organisational,371
GunnerAfrican,3378.0,organisational,372
GunnerAfrican,3377.0,organisational,373
GunnerAfrican,3382.0,organisational,374
Mwash_phalic,152.0,individual,375
Mr_JoeWaru,758.0,individual,376
Mwax021,192.0,individual,377
mistah_morriz,713.0,individual,378
NdichuMburu,5472.0,organisational,379
JaphethArsenal,117.0,individual,380
Vinncott3,174.0,individual,381
Vinncott3,161.0,individual,382
k_yovinne,81.0,individual,383
k_yovinne,62.0,individual,384
k_yovinne,63.0,individual,385
k_yovinne,29.0,individual,386
mau_maxwel,55.0,individual,387
mau_maxwel,39.0,individual,388
labattlabatt,319.0,individual,389
labattlabatt,297.0,individual,390
labattlabatt,296.0,individual,391
labattlabatt,295.0,individual,392
Pk53534395,76.0,individual,393
Pk53534395,17.0,individual,394
Pk53534395,16.0,individual,395
_jmcaleb,527.0,individual,396
_jmcaleb,322.0,individual,397
_jmcaleb,316.0,individual,398
_jmcaleb,302.0,individual,399
PHIAMAX,3218.0,individual,400
PHIAMAX,3142.0,individual,401
Dr_kimutal,2458.0,individual,402
arapweriEzra,838.0,individual,403
Paulmwaniki16,923.0,individual,404
WairimuAntony,140.0,individual,405
Meshpepelah,549.0,individual,406
KipKalyaNoah,482.0,individual,407
KipKalyaNoah,468.0,individual,408
KipKalyaNoah,467.0,individual,409
ezramalonn,1398.0,individual,410
ezramalonn,1382.0,individual,411
tumeiyo_richard,340.0,individual,412
PatoskyKp,90.0,individual,413
ErickkChirchir2,1651.0,individual,414
ErickkChirchir2,1639.0,individual,415
ErickkChirchir2,1637.0,individual,416
ErickkChirchir2,1632.0,individual,417
ErickkChirchir2,1623.0,individual,418
wamahousee,389.0,individual,419
wamahousee,377.0,individual,420
wamahousee,376.0,individual,421
kenedyshy,166.0,individual,422
karryjay,4260.0,individual,423
Duncanm2017,360.0,individual,424
GideonBadiva,205.0,individual,425
bravin_siwa,5624.0,individual,426
bravin_siwa,5616.0,individual,427
bravin_siwa,5548.0,individual,428
benardongeri_,901.0,individual,429
benardongeri_,899.0,individual,430
benardongeri_,896.0,individual,431
benardongeri_,895.0,individual,432
benardongeri_,893.0,individual,433
Kibet_AraapKogo,1019.0,individual,434
KevinWama1,245.0,individual,435
KevinWama1,191.0,individual,436
NgeiywoMartin,464.0,individual,437
NgeiywoMartin,451.0,individual,438
NgeiywoMartin,450.0,individual,439
NgeiywoMartin,419.0,individual,440
NgeiywoMartin,416.0,individual,441
NgeiywoMartin,418.0,individual,442
CeoBen,1246.0,individual,443
CeoBen,1233.0,individual,444
CeoBen,1232.0,individual,445
CeoBen,1231.0,individual,446
EricNgeno,16107.0,organisational,447
DenfelixK,51.0,individual,448
EKipkeu,300.0,individual,449
MeshMpendwa,312.0,individual,450
MaithaKarisa,1043.0,individual,451
MaithaKarisa,1036.0,individual,452
MaithaKarisa,1029.0,individual,453
MaithaKarisa,1030.0,individual,454
MaithaKarisa,1018.0,individual,455
MaithaKarisa,1016.0,individual,456
flairampos,187.0,individual,457
ChamdanyKip,328.0,individual,458
ChamdanyKip,325.0,individual,459
ChamdanyKip,320.0,individual,460
manyongeisaac1,396.0,individual,461
Jeffhendriksgit,82.0,individual,462
shaddykym,206.0,individual,463
shaddykym,192.0,individual,464
shaddykym,193.0,individual,465
ROBINSONISAAC18,338.0,individual,466
IMIrungu,300.0,individual,467
sarahmurathime,198.0,individual,468
Frank_KanaTech,11121.0,individual,469
Frank_KanaTech,11131.0,individual,470
Joe_munene1,9309.0,individual,471
Joe_munene1,9220.0,individual,472
0066Jeff,2448.0,individual,473
0066Jeff,2463.0,individual,474
mw_enda,1530.0,individual,475
Brianketer5,1974.0,individual,476
Brianketer5,1937.0,individual,477
Mbarujanjimoib1,1773.0,individual,478
Danielkivondo3,499.0,individual,479
Danielkivondo3,494.0,individual,480
karonei,698.0,individual,481
benlagat693,313.0,individual,482
MrBiwott,1793.0,individual,483
MrBiwott,1796.0,individual,484
korirek,57.0,individual,485
JosephTulanga,3106.0,individual,486
JeffreyNgetich,2972.0,individual,487
JeffreyNgetich,2958.0,individual,488
JeffreyNgetich,2970.0,individual,489
MOTARI25,1553.0,individual,490
MOTARI25,1350.0,individual,491
MOTARI25,1426.0,individual,492
MOTARI25,1358.0,individual,493
Benn_macharia,3953.0,individual,494
Benn_macharia,3891.0,individual,495
Benn_macharia,3890.0,individual,496
Benn_macharia,3782.0,individual,497
alex_keeja,270.0,individual,498
alex_keeja,228.0,individual,499
CyrusRintari,1858.0,individual,500
GLitunya,1214.0,individual,501
JayReagans,448.0,individual,502
KingKwemoi,518.0,individual,503
HalfLuo_,6023.0,individual,504
umosoo,76.0,individual,505
umosoo,73.0,individual,506
Waigwabon,1181.0,individual,507
EliasKabere,355.0,individual,508
EliasKabere,301.0,individual,509
Dequinto9,586.0,individual,510
BasilManaseh,52.0,individual,511
SamGs07543149,337.0,individual,512
SamGs07543149,321.0,individual,513
TwahirMwale,302.0,individual,514
ondu_peter,1286.0,individual,515
ondu_peter,1235.0,individual,516
ondu_peter,1214.0,individual,517
KipngenoGabriel,887.0,individual,518
NeddoTatayo,4114.0,individual,519
NeddoTatayo,4117.0,individual,520
NeddoTatayo,4128.0,individual,521
NeddoTatayo,4129.0,individual,522
JumaFrred,359.0,individual,523
Beatric06754363,2036.0,individual,524
awanyoike3,1108.0,individual,525
awanyoike3,1104.0,individual,526
awanyoike3,1102.0,individual,527
MwendeCharles,47837.0,individual,528
MwendeCharles,47764.0,individual,529
EvansChege,496.0,individual,530
AdanDuqow,207.0,individual,531
beth_kasinga,22308.0,individual,532
Hustler_028,1143.0,individual,533
issa_grei,6.0,individual,534
eric_opanda,646.0,individual,535
eric_opanda,565.0,individual,536
eric_opanda,567.0,individual,537
eric_opanda,566.0,individual,538
daltoo_eye,736.0,individual,539
daltoo_eye,731.0,individual,540
Amb_Saleh,6249.0,individual,541
abedlelgo,1460.0,individual,542
McaMwongaJnr,15.0,individual,543
KariukiCyruz,26105.0,individual,544
client13144,1032.0,individual,545
OtungahB,35.0,individual,546
john_nderitu,434.0,individual,547
Keerulanah,19042.0,individual,548
KeMatumbei,303.0,individual,549
KeMatumbei,292.0,individual,550
KeMatumbei,291.0,individual,551
TravisNgich,77.0,individual,552
TravisNgich,58.0,individual,553
TravisNgich,41.0,individual,554
TravisNgich,39.0,individual,555
schelanga94,716.0,individual,556
schelanga94,715.0,individual,557
Utred_Allan,6360.0,individual,558
Utred_Allan,6376.0,individual,559
EmbuPundit,7597.0,individual,560
Lemenyi_KE,213.0,individual,561
UDAparty2022,586.0,individual,562
Musajuma44,1025.0,individual,563
manesah_,1419.0,individual,564
JohnWil50304360,230.0,individual,565
JohnWil50304360,204.0,individual,566
JohnWil50304360,203.0,individual,567
JohnWil50304360,163.0,individual,568
JohnWil50304360,159.0,individual,569
JohnWil50304360,158.0,individual,570
pkarnet,3340.0,individual,571
OtengoWelling1,1467.0,individual,572
OtengoWelling1,1472.0,individual,573
OtengoWelling1,1476.0,individual,574
wiz_freak,1829.0,individual,575
OleItumbi,1657203.0,individual,576
OleItumbi,1649511.0,individual,577
OleItumbi,1649324.0,individual,578
OleItumbi,1649313.0,individual,579
OleItumbi,1649310.0,individual,580
OleItumbi,1640887.0,individual,581
OleItumbi,1639685.0,individual,582
OleItumbi,1639678.0,individual,583
OleItumbi,1639420.0,individual,584
OleItumbi,1639320.0,individual,585
udakunews_kenya,2.0,organisational,586
Kennedy_sankara,1507.0,individual,587
WNginyo,869.0,individual,588
josphatmutai43,91.0,individual,589
DaddyMsoo,412.0,individual,590
DaddyMsoo,265.0,individual,591
DaddyMsoo,261.0,individual,592
DaddyMsoo,255.0,individual,593
PaulineNjau5,2279.0,individual,594
PaulineNjau5,1675.0,individual,595
Ojwang44,1462.0,individual,596
Ojwang44,1441.0,individual,597
kev_kev254,648.0,individual,598
kev_kev254,647.0,individual,599
edmosesking,1447.0,individual,600
edmosesking,1439.0,individual,601
edmosesking,1436.0,individual,602
MakimiiDom,338.0,individual,603
Kapengurian,1490.0,individual,604
Kapengurian,1453.0,individual,605
Roho_Juu1,325.0,individual,606
KenyaMafias,178.0,individual,607
muthaara,3806.0,individual,608
ItsKairuNgugi,982.0,individual,609
FelipeGambler_,40.0,individual,610
FelipeGambler_,38.0,individual,611
Japhetkmaina,1582.0,individual,612
gideonokumu81,152.0,individual,613
H_CharlesNyamai,4524.0,individual,614
SakajaJohnson,940603.0,individual,615
SHINYALU_Online,1127.0,individual,616
RutoSara,103.0,individual,617
RutoSara,102.0,individual,618
KUMOTOLE,178.0,individual,619
WomenInANCParty,1156.0,individual,620
SOSERA7,1.0,individual,621
m_langat70,865.0,individual,622
m_langat70,864.0,individual,623
jacobskilonzo,195.0,individual,624
jacobskilonzo,193.0,individual,625
Stephen32125824,158.0,individual,626
AustohMwenyewe,99.0,individual,627
Its_____Anne,1388.0,individual,628
Its_____Anne,1338.0,individual,629
Its_____Anne,1312.0,individual,630
Its_____Anne,1311.0,individual,631
Its_____Anne,1321.0,individual,632
Its_____Anne,1319.0,individual,633
Fredmoenga1998,129.0,individual,634
Fredmoenga1998,131.0,individual,635
KirituCharles,736.0,individual,636
Paulrop15Paul,18.0,individual,637
Mwass14933274,3614.0,individual,638
vinskart,670.0,individual,639
vinskart,628.0,individual,640
vinskart,583.0,individual,641
Ndesh79,611.0,individual,642
abdizohabdallah,41.0,individual,643
SimbaMmojatu,52.0,individual,644
Njau_,4004.0,individual,645
RufusReal1,329.0,individual,646
kams_nation,380.0,individual,647
ki96269449,70.0,individual,648
ki96269449,56.0,individual,649
ki96269449,51.0,individual,650
Tom_Bayeyeh,104.0,individual,651
MwarariMr,158.0,individual,652
Nai_WestFinest,134.0,individual,653
Nai_WestFinest,135.0,individual,654
RealHostar,152.0,individual,655
KorirDominic8,312.0,individual,656
ericmakorio,505.0,individual,657
ericmakorio,503.0,individual,658
JKchemunyan2012,90.0,individual,659
Githuku_Kiama,230.0,individual,660
Githuku_Kiama,229.0,individual,661
NancyCheruiyot_,110.0,individual,662
lymmoe,366.0,individual,663
kenchep,664.0,individual,664
kenchep,665.0,individual,665
oronijunior,266.0,individual,666
RonaldVerse,285.0,individual,667
stivin_holla,259.0,individual,668
Bernardmwanzia8,190.0,individual,669
Naomi Wandede,0.0,Unknown,670
felixronohh,12258.0,individual,671
felixronohh,12318.0,individual,672
felixronohh,12323.0,individual,673
salom65556035,5434.0,individual,674
samo2beta,337.0,individual,675
Anthonymulley,395.0,individual,676
mutumamurithi,4086.0,individual,677
malcolmwabwile,24.0,individual,678
NyandikoDickson,27.0,individual,679
NjuruPK,2229.0,individual,680
MutethiaSilas,156.0,individual,681
ItsSossion,2925.0,individual,682
NDUGIREC,281.0,individual,683
kanamboo2,3152.0,individual,684
musa_manza,1725.0,individual,685
ShiiWanjiru6,612.0,individual,686
j_fatuj3,14.0,individual,687
Emperorkoffici1,439.0,individual,688
amanofafrika,1182.0,individual,689
FredKiptanui,283.0,individual,690
BarakaChampion,380.0,individual,691
kentungaz,4347.0,individual,692
OOtenge,2599.0,individual,693
ondoro_erickson,43.0,individual,694
WangalwaTony,550.0,individual,695
kurezqibbz,1235.0,individual,696
Charlie_Popeye,5826.0,individual,697
Charlie_Popeye,5824.0,individual,698
_SirEric_,58.0,individual,699
_SirEric_,60.0,individual,700
Its_Chemwotei,1175.0,individual,701
Jumabonny711,2492.0,individual,702
Kibet75Bett,771.0,individual,703
Kibet75Bett,769.0,individual,704
Kibet75Bett,766.0,individual,705
Kibet75Bett,765.0,individual,706
Kibet75Bett,764.0,individual,707
Meninist254,3872.0,individual,708
GideonKibicho1,5487.0,individual,709
GideonKibicho1,5503.0,individual,710
GideonKibicho1,5415.0,individual,711
GideonKibicho1,5400.0,individual,712
GideonKibicho1,5426.0,individual,713
TonnyKamwai,1043.0,individual,714
TonnyKamwai,1032.0,individual,715
TonnyKamwai,1031.0,individual,716
BrianChemwaa,1989.0,individual,717
BrianChemwaa,1988.0,individual,718
idibravine,603.0,individual,719
rodgers_ruttoh,1310.0,individual,720
William_nganga1,135.0,individual,721
KariusRyano,60.0,individual,722
TeamSakaja,3410.0,organisational,723
ckipkoskei,2004.0,individual,724
KiongoziGk,449.0,individual,725
KiongoziGk,433.0,individual,726
KiongoziGk,435.0,individual,727
KiongoziGk,397.0,individual,728
KiongoziGk,394.0,individual,729
KiongoziGk,395.0,individual,730
KIBETKOECH_,2872.0,individual,731
BenardMosbei,514.0,individual,732
BenardMosbei,513.0,individual,733
BenardMosbei,508.0,individual,734
KoomeMapesa,539.0,individual,735
HMosago,63.0,individual,736
HAlekhine,601.0,individual,737
HAlekhine,600.0,individual,738
kiruikipkoech19,132.0,individual,739
martomuge,1409.0,individual,740
r_koskei,106.0,individual,741
DavidGichamba,522.0,individual,742
DavidGichamba,519.0,individual,743
denorugut,120.0,individual,744
denorugut,115.0,individual,745
denorugut,112.0,individual,746
denorugut,111.0,individual,747
Kemboi85,0.0,individual,748
KisumuEveryday,4654.0,organisational,749
Rotichk,11848.0,individual,750
Rotichk,11834.0,individual,751
Rotichk,11836.0,individual,752
Rotichk,11835.0,individual,753
Arapkemeikimuu,120.0,individual,754
Suiyotkip,276.0,individual,755
Suiyotkip,281.0,individual,756
Suiyotkip,279.0,individual,757
Actuary_Ezrah,432.0,individual,758
Mikeindusa1,260.0,individual,759
Mikeindusa1,255.0,individual,760
KipropElvis0,852.0,individual,761
jensenojago,1561.0,individual,762
jensenojago,1564.0,individual,763
kib8elly,1763.0,individual,764
fatmah_banj,440.0,individual,765
sangdengkip,89.0,individual,766
KipyegoSanga,229.0,individual,767
KoilaiL,283.0,individual,768
phineas_andrews,10.0,individual,769
Fadhilow,5347.0,individual,770
EdukonDaniel,1281.0,individual,771
SophisticatedDj,890.0,individual,772
BernardKRotich1,488.0,individual,773
BernardKRotich1,485.0,individual,774
waseges,1096.0,individual,775
tricore_digital,682.0,individual,776
WillingSon67,305.0,individual,777
douglas_osano,167.0,individual,778
nikjaki,5351.0,individual,779
nikjaki,4788.0,individual,780
nikjaki,4769.0,individual,781
nikjaki,4772.0,individual,782
empirejumah,40.0,individual,783
dnkchelule,1717.0,individual,784
john_ojunga9,137.0,individual,785
john_ojunga9,72.0,individual,786
AntonyMuhuma,901.0,individual,787
AntonyMuhuma,890.0,individual,788
Mwathiken,1570.0,individual,789
FerbrizioRomano,587.0,individual,790
ManyikaMunguti,664.0,individual,791
ManyikaMunguti,654.0,individual,792
GeorgeKipkurui,293.0,individual,793
Willieboy_m,2255.0,individual,794
Castroh_F,556.0,individual,795
SirmeMtalii,206.0,individual,796
elly_kiplaa,2034.0,individual,797
KanjamG,62.0,individual,798
UNCLECOMMANDO,609.0,individual,799
UNCLECOMMANDO,539.0,individual,800
theallan_t,1443.0,individual,801
theallan_t,1442.0,individual,802
miguelmuguchia,2806.0,individual,803
miguelmuguchia,2805.0,individual,804
miguelmuguchia,2797.0,individual,805
QsKariuki,454.0,individual,806
QsKariuki,452.0,individual,807
MurimiGee,768.0,individual,808
KipchumbaChebw1,329.0,organisational,809
ItsRopC,5334.0,individual,810
purelovenation,7.0,individual,811
itsmbugua,1575.0,individual,812
KagoModesto,146.0,individual,813
olivernolly2,1735.0,individual,814
WilliamsRutoFan,870.0,individual,815
WilliamsRutoFan,869.0,individual,816
EarnestMananga,3850.0,individual,817
MuvitiSamuel,324.0,individual,818
BCherich,3956.0,individual,819
BCherich,3861.0,individual,820
BCherich,3859.0,individual,821
KuluoJosephine,27013.0,individual,822
KuluoJosephine,27058.0,individual,823
KuluoJosephine,27068.0,individual,824
KuluoJosephine,27052.0,individual,825
KiprohRob,584.0,individual,826
murunga1Murunga,62.0,individual,827
TrollPoliticsKe,7.0,individual,828
joshep1248,5117.0,individual,829
joshep1248,5119.0,individual,830
Therealguyx,4328.0,organisational,831
Therealguyx,4351.0,organisational,832
anto_whiz,1860.0,individual,833
Clifford_Lans,2805.0,individual,834
Clifford_Lans,2819.0,individual,835
Clifford_Lans,2818.0,individual,836
Clifford_Lans,2820.0,individual,837
briankimani,394.0,individual,838
briankimani,389.0,individual,839
briankimani,388.0,individual,840
SirMycal,795.0,individual,841
mp_philo,689.0,individual,842
mp_philo,681.0,individual,843
mp_philo,679.0,individual,844
MuchiriGichuri,9513.0,individual,845
DagaDosal,16159.0,individual,846
DagaDosal,16218.0,individual,847
DagaDosal,16219.0,individual,848
DagaDosal,16220.0,individual,849
DagaDosal,16223.0,individual,850
Ja_Kanyadhiang,2931.0,individual,851
isaiahmngl,2705.0,individual,852
alliontoyota,160.0,individual,853
alliontoyota,135.0,individual,854
alliontoyota,134.0,individual,855
alliontoyota,133.0,individual,856
jackmwaniki1,160.0,individual,857
jackmwaniki1,126.0,individual,858
jackmwaniki1,125.0,individual,859
IsaacKorir_kim,343.0,individual,860
IsaacKorir_kim,331.0,individual,861
IsaacKorir_kim,329.0,individual,862
kilaerick05,1669.0,individual,863
chombir_ts,1746.0,individual,864
Chrismutuma11,399.0,individual,865
vkmutai,1513.0,individual,866
bworinaisa,1073.0,individual,867
denno_kip,3893.0,individual,868
iam_JVLEO,13464.0,individual,869
itswaweruwamiti,162.0,individual,870
KirwaNickson2,85.0,individual,871
Felah88,682.0,individual,872
OpyMoturi,85.0,individual,873
OpyMoturi,81.0,individual,874
Tonypaneah,671.0,individual,875
DjMicSultan,333.0,individual,876
JrChelimo,899.0,individual,877
JrChelimo,862.0,individual,878
SiboyiAnganah,571.0,individual,879
Joshua44538122,69.0,individual,880
AraapChomu,590.0,individual,881
Omolloooo,2066.0,individual,882
gibun_gitonga,61.0,individual,883
peter_warrior7,1989.0,individual,884
ombatikevin300,124.0,individual,885
ombatikevin300,126.0,individual,886
Badcard4,312.0,individual,887
KeynesSamai,2324.0,individual,888
Emmanue01300810,8.0,individual,889
keteralvin,2197.0,individual,890
itskoigi,242.0,individual,891
JARULOO,57.0,individual,892
saidimusalim1,252.0,individual,893
benson_chumba,68.0,individual,894
joe_omosh,563.0,individual,895
gkaleli,618.0,individual,896
gkaleli,616.0,individual,897
_gitonga__,1232.0,individual,898
chirsemwo,272.0,individual,899
chirsemwo,266.0,individual,900
Cherrytitus54,84.0,individual,901
wisebethwel,38.0,individual,902
wisebethwel,31.0,individual,903
luisgideonsnr,815.0,individual,904
kaHuRa_kelviNe,306.0,individual,905
jakayajirjir,112.0,individual,906
Babakewillie,599.0,individual,907
PoghishoAaron,128.0,individual,908
PoghishoAaron,130.0,individual,909
emmanuel_togoch,348.0,individual,910
philipmukuria,352.0,individual,911
philipmukuria,344.0,individual,912
mikekorir_,612.0,individual,913
wyllice_KE,786.0,individual,914
wyllice_KE,789.0,individual,915
adekadennis,326.0,individual,916
njoguu,130.0,individual,917
kimunya_kelvin,569.0,individual,918
kimarumainah,80.0,individual,919
kimarumainah,77.0,individual,920
kimarumainah,76.0,individual,921
PaydayRhema,6.0,organisational,922
gmwahome,4303.0,individual,923
gmwahome,4323.0,individual,924
gabkeym25,240.0,individual,925
KingwaSmiley,1369.0,individual,926
GeePaps,39.0,individual,927
SheilaSifuma,1037.0,individual,928
SheilaSifuma,1033.0,individual,929
JOHNNIEKIP,6467.0,individual,930
geogias,1010.0,individual,931
EnockKi12149800,145.0,individual,932
Kmwaura_992,918.0,individual,933
FriendsofRAO,8846.0,individual,934
1ElishaKiprop,1017.0,individual,935
1ElishaKiprop,1015.0,individual,936
1ElishaKiprop,1014.0,individual,937
1ElishaKiprop,1013.0,individual,938
1ElishaKiprop,1005.0,individual,939
1ElishaKiprop,1004.0,individual,940
Mpzuleikahassan,6490.0,individual,941
Westlands2022,344.0,individual,942
peter_amunga,4.0,individual,943
Fredric13389181,1226.0,individual,944
bkomun,3131.0,individual,945
bkomun,3152.0,individual,946
bkomun,3151.0,individual,947
ramseydemarco,158.0,individual,948
Vandrose1,73.0,individual,949
ngaruman,5583.0,individual,950
samie_luizy,2788.0,individual,951
samie_luizy,2778.0,individual,952
kiddoGAMMZ,9486.0,individual,953
patrick57717472,43.0,individual,954
MukhebiDen,31.0,individual,955
_victorVIBE,6.0,individual,956
HonPhilexAmigos,71.0,individual,957
OscarPa10453625,91.0,individual,958
DLUDOGOLI,4009.0,individual,959
j_nyakundi,1687.0,individual,960
OwenAbong,2788.0,individual,961
servant_beth,263.0,individual,962
servant_beth,261.0,individual,963
ItsMe84026016,477.0,individual,964
Amadadi7,839.0,individual,965
wesakaken,858.0,individual,966
adticha4,69.0,individual,967
adticha4,68.0,individual,968
ismailomar91,146.0,individual,969
engtumo_enock,244.0,individual,970
Evangelista_hea,231.0,individual,971
Zach_Ngure,1.0,individual,972
szaimo,734.0,individual,973
kelvingacheri,771.0,individual,974
kelvingacheri,766.0,individual,975
daddy1_elvis,24.0,individual,976
Gibuka1,7.0,individual,977
Ndirangukevin2,94.0,individual,978
Realcoogi,11306.0,individual,979
MusaWambugu,978.0,individual,980
icytwitts,3452.0,individual,981
Dr_OsmanJelle,530.0,individual,982
Dr_OsmanJelle,526.0,individual,983
ruto4us,10977.0,individual,984
alstonesiguda,689.0,individual,985
obieroh_s,13.0,individual,986
LukaleMark,928.0,individual,987
Cde_SBM,1822.0,individual,988
Cde_SBM,1818.0,individual,989
mitpiny,748.0,individual,990
sonamoz,471.0,individual,991
kennykib,304.0,individual,992
marirace,288.0,individual,993
KimAaron2020,112.0,individual,994
Jaymescom,568.0,individual,995
Ken__bliss,110.0,individual,996
Ken__bliss,91.0,individual,997
Ken__bliss,52.0,individual,998
JdaPaul,26.0,individual,999
BenjaminKamande,1100.0,individual,1000
Qahiu_Githutha,1797.0,individual,1001
Qahiu_Githutha,1798.0,individual,1002
Qahiu_Githutha,1799.0,individual,1003
Janewegz,150.0,individual,1004
kiluntii,201.0,individual,1005
bradleyalusa,265.0,individual,1006
Nyang__KE,1573.0,individual,1007
Geoffre15738435,498.0,individual,1008
joash1t,279.0,individual,1009
RodgersBein,2385.0,individual,1010
Senatorhela,262.0,individual,1011
MisatiKE,1514.0,individual,1012
kennlosharipo_,395.0,individual,1013
kennlosharipo_,390.0,individual,1014
IkoKaziKE_Bot,413.0,individual,1015
eliphastosh,766.0,individual,1016
ali_kibe7,277.0,individual,1017
ali_kibe7,276.0,individual,1018
Yasadams,638.0,individual,1019
MathewK65989108,116.0,individual,1020
Kevin_grray,364.0,individual,1021
kimemianjuguna,246.0,individual,1022
phelix_ngaji,209.0,individual,1023
MaragiaNixon,409.0,individual,1024
omambia_benson,490.0,individual,1025
GideonLpachiwan,1462.0,individual,1026
PeterJDULLO,1315.0,individual,1027
onesmus336,130.0,individual,1028
OchelleJNR,761.0,individual,1029
Kyariekuria,103.0,individual,1030
PresenterBarac1,2616.0,individual,1031
JoelMwanyagha1,39.0,individual,1032
BuyoywaBrian,2168.0,individual,1033
kimkendrickim,142.0,organisational,1034
Waghadhirwa,345.0,individual,1035
AGUNDALEONARD,1993.0,individual,1036
athewa1,38259.0,individual,1037
OhuruLinus,147.0,individual,1038
moses_m1,1481.0,individual,1039
sauti_ya_subaru,5880.0,individual,1040
Gaiteu200,494.0,individual,1041
CheruOle,244.0,individual,1042
ekandi_mutua,248.0,individual,1043
howuor,1832.0,organisational,1044
akinyi3_muli,38.0,individual,1045
Monica_Muriuki,182.0,individual,1046
OneCapitalOne,1400.0,individual,1047
leftmanh,263.0,individual,1048
Ochibono,8247.0,individual,1049
Ochibono,8245.0,individual,1050
Designcornerke,3.0,individual,1051
Simonk_ray,758.0,individual,1052
gauogilbert,4145.0,individual,1053
Waamboi,1231.0,individual,1054
LJth11,696.0,individual,1055
lennykoskei123,1938.0,individual,1056
Mamaparty2,22.0,individual,1057
bigmitchjatelo,1967.0,individual,1058
Ok_Francise,956.0,individual,1059
BmarshallCGTN,58764.0,individual,1060
OsinyaDavid3,1892.0,individual,1061
ChrisKilulu,7269.0,individual,1062
JoeOisebe,20127.0,individual,1063
SWE_GIBSON,232.0,individual,1064
Irie_Man254,105.0,individual,1065
Simon_Ingari,4671.0,individual,1066
AmosKiprutoLag1,327.0,individual,1067
josephat_ongwae,11.0,individual,1068
BwOmoigwa,961.0,individual,1069
BwOmoigwa,951.0,individual,1070
BwOmoigwa,949.0,individual,1071
kenzdan1,1084.0,individual,1072
excellencytorsh,617.0,individual,1073
Rutoh3Kipkemoi,115.0,individual,1074
Michaelmasala5,340.0,individual,1075
Vincentilemara1,323.0,individual,1076
mob25flow,466.0,individual,1077
sittukarapkogo,2548.0,individual,1078
charliz_nguch,5.0,individual,1079
FinneyOfwa,749.0,individual,1080
Marvin_nganyi,10543.0,individual,1081
TBossman254,17.0,individual,1082
P_Kenyanya,2101.0,individual,1083
ammerixs,383.0,individual,1084
Ellysantiago19,70.0,individual,1085
joashkiprotich1,52.0,individual,1086
WillyOkumu,1947.0,individual,1087
Bettsaisi1,1738.0,individual,1088
Bettsaisi1,1735.0,individual,1089
NelsonwaMachar1,875.0,individual,1090
AlexMwaks,1273.0,individual,1091
iancurlie,319.0,individual,1092
iancurlie,310.0,individual,1093
iancurlie,311.0,individual,1094
yobrahmkadinali,2269.0,individual,1095
Emceemaniac_kE,440.0,individual,1096
khoimosh,111.0,individual,1097
khoimosh,110.0,individual,1098
BarazaBarkho,230.0,individual,1099
bett11_bett,467.0,individual,1100
AbdullahDakane,143.0,individual,1101
EtesiroT,774.0,individual,1102
jcoasugo,1189.0,individual,1103
Kipngeny1,905.0,individual,1104
KiromoMuceru,7.0,individual,1105
Joejoe31365982,201.0,individual,1106
NDUNGU2010,1567.0,individual,1107
NDUNGU2010,1566.0,individual,1108
ankapiani,4711.0,individual,1109
SolitaireFamily,375.0,individual,1110
EvanoLegend1,195.0,individual,1111
dannymwamba,184.0,individual,1112
mwashbudah,625.0,individual,1113
MMuhorovincent,165.0,individual,1114
hortsauce,256.0,individual,1115
oyweri_KE,4428.0,individual,1116
rutto_daniel,870.0,individual,1117
mtaaniman,66.0,individual,1118
gardelee,10.0,individual,1119
emmanuel_cheret,213.0,individual,1120
emmanuel_cheret,171.0,individual,1121
emmanuel_cheret,164.0,individual,1122
heavydu91443892,271.0,individual,1123
Kamatusa_KE,405.0,individual,1124
perulpaul2,4056.0,individual,1125
Its_limo16,2639.0,individual,1126
MpenziMe,1609.0,individual,1127
sirmbatiah,3482.0,individual,1128
Wilson38573694,83.0,individual,1129
VincentMobe,2839.0,individual,1130
kokorene,107.0,individual,1131
WuoraOgola,428.0,individual,1132
Eng_bmwambu,260.0,individual,1133
NdwigaJack,269.0,individual,1134
AntoneOtieno3,951.0,individual,1135
allanombewa,213.0,individual,1136
guyara,576.0,individual,1137
AmbatiLucy,16316.0,individual,1138
AmbatiLucy,16178.0,individual,1139
WomenRuto,1056.0,individual,1140
WomenRuto,1054.0,individual,1141
elijahkisungo,177.0,individual,1142
K29___,1689.0,individual,1143
ItsMartinChege,20866.0,individual,1144
ItsMartinChege,20861.0,individual,1145
johnmwa67398165,87.0,individual,1146
clean_cutbarber,300.0,individual,1147
PhilipMaritim5,540.0,individual,1148
Karizkhim,1597.0,individual,1149
Kira_maliq,71.0,individual,1150
DennisKallage,1646.0,individual,1151
onealzy,692.0,individual,1152
serem_kigen,1664.0,individual,1153
Captainhezz1,1804.0,individual,1154
BuliloS,58.0,individual,1155
BuliloS,57.0,individual,1156
res_judicata3,1530.0,individual,1157
res_judicata3,1525.0,individual,1158
patrickkiprop,844.0,individual,1159
Binhajji009,45.0,individual,1160
Osakakilometre,492.0,individual,1161
PGitongaG,1318.0,individual,1162
UDAPartyKe,94694.0,individual,1163
UDAPartyKe,94479.0,individual,1164
MulwaKirui,3661.0,individual,1165
johnzie2002,130.0,individual,1166
OlingaAbdul,507.0,individual,1167
Pat_omosh,378.0,individual,1168
ItsAlikim,11065.0,individual,1169
revival_ke,8.0,individual,1170
Highpriesttt,211.0,individual,1171
juliusngugi360,167.0,individual,1172
Seksimbuyu,1539.0,individual,1173
abraham_mwose,2924.0,individual,1174
MsteEast,1812.0,individual,1175
engfumo,1329.0,individual,1176
StephenOyoo13,276.0,individual,1177
JosephNgaya2,51.0,individual,1178
judetenai2,2214.0,individual,1179
MikeyMuriithi,161.0,individual,1180
Itiswinny,80690.0,individual,1181
MugambiKibwi,516.0,individual,1182
MugambiKibwi,517.0,individual,1183
Komondi_Otieno,140.0,individual,1184
Ibrahimstayo,320.0,individual,1185
D_Mwoki,73.0,individual,1186
LareOloibon,142.0,individual,1187
LareOloibon,141.0,individual,1188
DrWanyeeSK,1773.0,individual,1189
HonBob4MPBUTULA,626.0,individual,1190
helenMaIgnatius,22224.0,individual,1191
sampao_p,3694.0,individual,1192
izcivan,1849.0,individual,1193
cabdina,321.0,individual,1194
cabs_maxi,368.0,individual,1195
AchariJoseph,56.0,individual,1196
MainaKimondo1,3079.0,individual,1197
Dynasty045,2283.0,individual,1198
dnjugunag,1628.0,individual,1199
TonyMuliro,163.0,individual,1200
keonlinebiz,105.0,organisational,1201
dd38c7d577eb453,2837.0,individual,1202
F_M_Networks,944.0,organisational,1203
Bruno_Kens,9837.0,individual,1204
lastbone,7028.0,individual,1205
allenvitalic,747.0,individual,1206
Its_Rickers_KE,186.0,individual,1207
BiasharaBook,56.0,individual,1208
ColloTM_McArum,10505.0,individual,1209
Dalanews2,68.0,organisational,1210
tellyrence,405.0,individual,1211
tellyrence,403.0,individual,1212
lil_tippsy,391.0,individual,1213
aboud_akasha,3127.0,individual,1214
pato_jush,7840.0,individual,1215
pato_jush,7839.0,individual,1216
pato_jush,7834.0,individual,1217
pato_jush,7832.0,individual,1218
pato_jush,7820.0,individual,1219
azimio022,112.0,individual,1220
azimio022,111.0,individual,1221
azimio022,97.0,individual,1222
azimio022,96.0,individual,1223
azimio022,95.0,individual,1224
Jessesaruni,359.0,individual,1225
SamVpoint,121.0,individual,1226
HenryMulyungiK,624.0,individual,1227
mykdjmaliq,1681.0,individual,1228
benknjeru,858.0,individual,1229
Mbele_PamojaJP,100.0,organisational,1230
bwanatemba,2921.0,individual,1231
wycliffemwaka,63.0,individual,1232
virginHoffice,4826.0,organisational,1233
virginHoffice,4824.0,organisational,1234
elvis_nganga_,57.0,individual,1235
Chebet_Chemutai,2166.0,individual,1236
Chebet_Chemutai,2164.0,individual,1237
Frank_k0,1859.0,individual,1238
hu_mph,158.0,individual,1239
SamiaBen05,171.0,individual,1240
enohcents,2699.0,individual,1241
ItsAlexWamalwa,1577.0,individual,1242
AnthonyKimaniJr,4220.0,individual,1243
johnchege,8684.0,individual,1244
arendeoriri,787.0,individual,1245
SEKilimani,186.0,individual,1246
McCheres,105.0,individual,1247
KenyanCitizen20,290.0,individual,1248
sambamba_zeky,46.0,individual,1249
ALIAJANGASU,298.0,individual,1250
PATRIOTS_254,122.0,individual,1251
ratzinger254,1590.0,individual,1252
BobMlazzow,891.0,individual,1253
otienojacktone,19084.0,individual,1254
kimarusammy8,1079.0,individual,1255
duka_mafundi,498.0,individual,1256
duka_mafundi,495.0,individual,1257
JonathanNickson,795.0,individual,1258
ThomasAyoo,313.0,individual,1259
BramwelI,277.0,individual,1260
AfyaFitness20,10.0,organisational,1261
shoesplanet254,18.0,individual,1262
Whizlimo,40.0,individual,1263
HonNelsonMandel,564.0,individual,1264
HonNelsonMandel,563.0,individual,1265
HonNelsonMandel,562.0,individual,1266
MarenyaJorim,688.0,individual,1267
charlyokongo,1562.0,individual,1268
NaomiNgatia,1358.0,individual,1269
ALPHONSEIHAJI,122.0,individual,1270
its_macent,618.0,individual,1271
alexawiti,9005.0,individual,1272
rssteve2,566.0,individual,1273
roume_ke,70.0,individual,1274
NyaokeMagero,93.0,individual,1275
Joseph16308081,432.0,individual,1276
aongwen,457.0,individual,1277
FredrickOrowo,177.0,individual,1278
RailaOdinga_KE,12.0,individual,1279
S_shaddie,342.0,individual,1280
S_shaddie,341.0,individual,1281
OnikaLove16,28314.0,individual,1282
Lil_Noete,6331.0,individual,1283
Lil_Noete,6336.0,individual,1284
P_Conundrum,1458.0,individual,1285
KipsWilfo,213.0,individual,1286
azimio_la_umojq,32.0,individual,1287
nganga_quest,772.0,individual,1288
Cynthiakimanyi1,1715.0,individual,1289
Cynthiakimanyi1,1713.0,individual,1290
bii_amon,154.0,individual,1291
bii_amon,147.0,individual,1292
one_joj,5355.0,individual,1293
MosesNgigeKE,16395.0,individual,1294
isaac_otwoma254,7125.0,individual,1295
nyambokdave,160.0,individual,1296
JpBrigade,191.0,organisational,1297
JpBrigade,188.0,organisational,1298
JpBrigade,182.0,organisational,1299
di_hollo,80.0,individual,1300
KoechFesto2,564.0,individual,1301
KabueShiela,29580.0,individual,1302
KabueShiela,29574.0,individual,1303
KithinjiDavis,70.0,individual,1304
EdwardM83028145,46.0,individual,1305
HunnidLevi,138.0,individual,1306
AdornGardens,20.0,individual,1307
NyoroNdindi,11334.0,individual,1308
KOTsojas,0.0,individual,1309
Ibrahadolwa,448.0,individual,1310
Mamba_CEO,603.0,individual,1311
MwandishiMburu,1019.0,individual,1312
Mistake15548744,3401.0,individual,1313
yegonzshady,149.0,individual,1314
KenyansOnReddit,243.0,individual,1315
KenyansOnReddit,242.0,individual,1316
Nairob_sneakers,4654.0,individual,1317
pattkem,2525.0,individual,1318
KennethNjeruKE,840.0,individual,1319
pkimanzi2,1455.0,individual,1320
pkimanzi2,1452.0,individual,1321
msojanemso,2667.0,individual,1322
BriStars_1,281.0,individual,1323
wiza_wein,0.0,individual,1324
OliverMaaya,466.0,individual,1325
_EmmanuelKutosi,65.0,individual,1326
PITAMINOR,1566.0,individual,1327
wambugumartin_,149.0,individual,1328
ShilahoIslar,1764.0,individual,1329
Haron_Getui,20856.0,individual,1330
CMallacs,170.0,individual,1331
FelicitysolarKE,1841.0,individual,1332
kidcityzen,9.0,individual,1333
VincenteSande,56.0,individual,1334
FranklineTarus,176.0,individual,1335
AllanAguko,1504.0,individual,1336
VenusTvKenya,440.0,organisational,1337
VenusTvKenya,427.0,organisational,1338
calvinjoel5,203.0,individual,1339
Gitaukamaudavie,40.0,individual,1340
luqmane1,918.0,individual,1341
Manu_Lagat,279.0,individual,1342
moengamogeni,128.0,individual,1343
DavidKamau001,624.0,individual,1344
DavidKamau001,619.0,individual,1345
Michael965335,166.0,individual,1346
Hon_kindiki,5531.0,individual,1347
Hon_kindiki,5512.0,individual,1348
Hon_kindiki,5510.0,individual,1349
Hon_kindiki,5506.0,individual,1350
lord_tillah,2224.0,individual,1351
iamPaulOwino,19.0,individual,1352
WuoAbandu,531.0,individual,1353
kevyneodhiambo,1497.0,individual,1354
DavidAlpha14,542.0,individual,1355
MeItThabit,362.0,individual,1356
burngechkanyara,116.0,individual,1357
FlourishTVKenya,35.0,individual,1358
jackyaluvisia09,115.0,individual,1359
sodium_shoes,294.0,individual,1360
AndrewKeige,657.0,individual,1361
SwaIehibrahim,2292.0,individual,1362
dennis_machio,302.0,individual,1363
sue_perlita,2793.0,individual,1364
sue_perlita,2791.0,individual,1365
sue_perlita,2794.0,individual,1366
BlackmanIsKing2,1876.0,individual,1367
SebastianKarani,309.0,individual,1368
M1Julius,179.0,individual,1369
EzekielNgetich7,496.0,individual,1370
Kenyaatpolitics,27.0,individual,1371
FreeHugzK,223.0,individual,1372
wwwasike,4160.0,individual,1373
KenyanprimeNews,328.0,individual,1374
asknyaora,5009.0,individual,1375
radakv,3701.0,individual,1376
WilliamsMkenya,147203.0,individual,1377
intergratedV,1091.0,individual,1378
SangKip8,68.0,individual,1379
zanucart,616.0,individual,1380
karithielijah,205.0,individual,1381
zhero_mochoge,1048.0,individual,1382
TotoLinet,16321.0,individual,1383
TotoLinet,16308.0,individual,1384
foot_solder,91.0,individual,1385
CatherineGN_,478.0,individual,1386
RIKO15232149,56.0,individual,1387
DJOtiz1,62.0,individual,1388
CPAMutua,321.0,individual,1389
allanmmurage,67.0,individual,1390
A_twoli,1229.0,individual,1391
james_nakhabi,349.0,individual,1392
MuiruriSamwel,467.0,individual,1393
itsallamware,4387.0,individual,1394
manodw0,599.0,individual,1395
VICTORMURANGIR7,20.0,individual,1396
Mbesha94s1,6287.0,organisational,1397
stevenadogo,633.0,individual,1398
ChrisantasYash,2720.0,individual,1399
ernest_mbeta,67.0,individual,1400
KentonzNeddy,241.0,individual,1401
St_LightKe,3.0,organisational,1402
njarifj,20092.0,individual,1403
njarifj,19733.0,individual,1404
MKabukuro,8455.0,individual,1405
DianaAc68566883,176.0,individual,1406
DMRC_Kenya,1599.0,individual,1407
JuliusArungu,79.0,individual,1408
SarangeRose,924.0,individual,1409
_TysonYassin,11175.0,individual,1410
AppliancesGarag,473.0,organisational,1411
RealHezena,1497.0,individual,1412
cleochieng90,259.0,individual,1413
BovinceOmbonya,867.0,individual,1414
AndreMully,153.0,individual,1415
mi_jupiter,1124.0,individual,1416
AjingaOkumu,27.0,individual,1417
Justkenyan1,147.0,individual,1418
nickrivals,850.0,individual,1419
CitadelChem,197.0,organisational,1420
mainangai,50.0,individual,1421
michaelkigombe,1769.0,individual,1422
NYANGOTOAYIEKO,781.0,individual,1423
Michaelkabukuro,850.0,individual,1424
makoniango,6.0,individual,1425
sonysonyia,1328.0,individual,1426
SonkoNews,762.0,individual,1427
senioRofficerr,249.0,individual,1428
Logmary_nuggets,490.0,individual,1429
MwathaT,70.0,individual,1430
benjumah254,2112.0,individual,1431
Turk_Voices,5264.0,individual,1432
Turk_Voices,5205.0,individual,1433
lil_tpsy,1061.0,individual,1434
lil_tpsy,1045.0,individual,1435
lil_tpsy,1038.0,individual,1436
lil_tpsy,1041.0,individual,1437
lil_tpsy,1039.0,individual,1438
CornageI,757.0,individual,1439
Kiprotuchrop,332.0,individual,1440
KalosSays,1643.0,individual,1441
Tito_Muema,168.0,individual,1442
MwendeKimeu1,777.0,individual,1443
score_pesa,3084.0,organisational,1444
jessewata254,167.0,individual,1445
brian_okeja,61.0,individual,1446
bonniekariuki,647.0,individual,1447
MataraInnocent,967.0,individual,1448
snifferchizzo,1733.0,individual,1449
theonlykenkario,5925.0,individual,1450
manliketarget,7554.0,individual,1451
santanaAudrey4,231.0,individual,1452
araprutoo,2010.0,individual,1453
ritta_irene,444.0,individual,1454
ModernTrends_Ke,1516.0,organisational,1455
Jackofallthread,6.0,individual,1456
benkagondu,53.0,individual,1457
hustler_no_2,181.0,individual,1458
Ambrose09238829,1263.0,individual,1459
Ambrose09238829,1258.0,individual,1460
OnlineBethany,1.0,organisational,1461
LilTemboo,76.0,individual,1462
PELINET22,32.0,individual,1463
Kenny_Arimi,2054.0,individual,1464
Twisty0891,329.0,individual,1465
MkulimaMoja1,156.0,individual,1466
ChipondaHarris1,1047.0,individual,1467
Githinji__Jr,5777.0,individual,1468
EllahAbigail,60.0,individual,1469
hon_rigathi,13094.0,individual,1470
mbosire6,2469.0,individual,1471
PAULmai19370169,2387.0,individual,1472
Alvinmwa1,265.0,individual,1473
EmmanuelSananka,118.0,individual,1474
ObudiDaniel,418.0,individual,1475
georgeoketch12,2033.0,individual,1476
KibisuAllan,127.0,individual,1477
Nattybongo57,1425.0,individual,1478
AMSInsurBrokers,66.0,organisational,1479
mainabrand,1105.0,individual,1480
Elijahwangari42,1680.0,individual,1481
019_kenyan,309.0,individual,1482
Atekertv,1448.0,organisational,1483
KibetKosgei5,3216.0,individual,1484
NyakoeFrank,94.0,individual,1485
its_japh,1041.0,individual,1486
essyokenyuri,24648.0,individual,1487
Jemobabu,73.0,individual,1488
DOngwesa,3234.0,individual,1489
jonte_cz,1366.0,individual,1490
dkgicheru,554.0,individual,1491
edwinthewinner,1084.0,individual,1492
ItsMukundi,1640.0,individual,1493
Babtai,739.0,individual,1494
MagicMoving_,62.0,individual,1495
Ndei_Ndei,8698.0,individual,1496
Ndei_Ndei,8697.0,individual,1497
Ammar_Kassim8,2721.0,individual,1498
konjeh,1174.0,individual,1499
khalifawahome92,477.0,individual,1500
azilis_yummy,140.0,individual,1501
cosmutt,2217.0,individual,1502
ChrispusMogwas,282.0,individual,1503
japheth_sande,1179.0,individual,1504
WanjikuHSC,47281.0,individual,1505
e_rakki,218.0,individual,1506
EmmathequeenB,42680.0,individual,1507
EmmathequeenB,42692.0,individual,1508
EmmathequeenB,42690.0,individual,1509
EmmathequeenB,42687.0,individual,1510
IsManue_,9566.0,individual,1511
la_greatke,993.0,individual,1512
la_greatke,988.0,individual,1513
la_greatke,990.0,individual,1514
la_greatke,987.0,individual,1515
la_greatke,986.0,individual,1516
la_greatke,979.0,individual,1517
Josephgichuhi17,293.0,individual,1518
_idaIinya,5805.0,organisational,1519
_idaIinya,5616.0,organisational,1520
TabithaBrendah,2157.0,individual,1521
TabithaBrendah,2155.0,individual,1522
TabithaBrendah,2153.0,individual,1523
TabithaBrendah,2152.0,individual,1524
TabithaBrendah,2143.0,individual,1525
Joseochyberry,235.0,individual,1526
lamar__eric,6458.0,individual,1527
lamar__eric,6462.0,individual,1528
lamar__eric,6460.0,individual,1529
lamar__eric,6457.0,individual,1530
empiremike__,11032.0,individual,1531
empiremike__,11014.0,individual,1532
empiremike__,11034.0,individual,1533
Rpst020,176.0,individual,1534
lenny_mwandiki,311.0,organisational,1535
Bellah_Christah,5510.0,individual,1536
Bellah_Christah,5502.0,individual,1537
Bellah_Christah,5501.0,individual,1538
SHAABAN54568074,52.0,individual,1539
FrancisK_254,1235.0,individual,1540
spaqqz,7957.0,individual,1541
spaqqz,7971.0,individual,1542
spaqqz,7966.0,individual,1543
spaqqz,7965.0,individual,1544
IamBeste1_,3000.0,individual,1545
IamBeste1_,2999.0,individual,1546
IamBeste1_,3006.0,individual,1547
IamBeste1_,3005.0,individual,1548
Mammito12,3417.0,individual,1549
onlinefaceoff,329.0,individual,1550
JudithJepkoech8,495.0,individual,1551
MairuraRatemo,2924.0,individual,1552
maggie82122213,150.0,individual,1553
Bnangitiyo,2049.0,individual,1554
Bnangitiyo,2041.0,individual,1555
NICKIKIMZ1,105.0,individual,1556
jimmymuniu,587.0,individual,1557
WakiliEdward,3087.0,individual,1558
JamesWaikwa,162.0,individual,1559
WeslyKym,4275.0,individual,1560
DanBarrister,309.0,individual,1561
Hassowgaiya,278.0,individual,1562
bram_engineer,3291.0,individual,1563
JuliusMutiso14,779.0,individual,1564
BobKoech3,0.0,individual,1565
msobrown22,12513.0,individual,1566
msobrown22,12502.0,individual,1567
msobrown22,12500.0,individual,1568
msobrown22,12498.0,individual,1569
RealOTIKO,2098.0,individual,1570
Amvall254,8638.0,individual,1571
BLUstarisme,8574.0,individual,1572
BLUstarisme,8575.0,individual,1573
Bluesman_kenya,11054.0,individual,1574
f3cci,2296.0,individual,1575
f3cci,2295.0,individual,1576
hesbonmogire11,89.0,individual,1577
kingpiplord,2.0,individual,1578
leftie_1,4067.0,individual,1579
Michael78046798,23.0,individual,1580
Kenbrianbosco,191.0,individual,1581
Sousey_,13658.0,individual,1582
Sousey_,13653.0,individual,1583
Sousey_,13648.0,individual,1584
opijah,2129.0,individual,1585
Wangari_Gakuo,9.0,individual,1586
adipojr51,1944.0,individual,1587
MohBert1,10.0,individual,1588
MureithiNicky,631.0,individual,1589
TheEvansOmondi,54.0,individual,1590
johnikahu,6352.0,individual,1591
Afraha_icon,10211.0,individual,1592
EngMatheka,1468.0,individual,1593
allanomondi391,1594.0,individual,1594
allanomondi391,1577.0,individual,1595
Dinohoe4ke,1436.0,individual,1596
Dinohoe4ke,1435.0,individual,1597
ciku_wanjiru,925.0,individual,1598
tembeakenyaa,2169.0,individual,1599
tembeakenyaa,2168.0,individual,1600
tembeakenyaa,2167.0,individual,1601
its_vibon,696.0,individual,1602
karaure254,16123.0,individual,1603
karaure254,16124.0,individual,1604
yingyang_4eva,738.0,individual,1605
JogooRangi,7827.0,individual,1606
JogooRangi,7826.0,individual,1607
liam_tweep,12576.0,individual,1608
liam_tweep,12573.0,individual,1609
liam_tweep,12572.0,individual,1610
dan_mutuku254,1314.0,individual,1611
Ni_collo,798.0,individual,1612
OOtingi,2038.0,individual,1613
BakeanConcepts,1644.0,individual,1614
_kenwells,55336.0,individual,1615
_kenwells,55330.0,individual,1616
_kenwells,55329.0,individual,1617
254evee_,38409.0,individual,1618
254evee_,38407.0,individual,1619
kevinbett_,3744.0,individual,1620
Larus354,933.0,individual,1621
ungumwendia,6009.0,individual,1622
BivonDuke,2938.0,individual,1623
AllandozKe,2268.0,individual,1624
NewsAlerts_Ke,4756.0,organisational,1625
NewsAlerts_Ke,4718.0,organisational,1626
robin__ke,1319.0,individual,1627
shoobee111,1343.0,individual,1628
Tessymbuguaa,29304.0,individual,1629
inbuilt_tibet,5604.0,individual,1630
inbuilt_tibet,5603.0,individual,1631
itskachunee,291.0,individual,1632
miteibet,402.0,individual,1633
Lord_Olelieza,21264.0,individual,1634
Lord_Olelieza,21265.0,individual,1635
Lilcaphy,1410.0,individual,1636
Lilcaphy,1408.0,individual,1637
Rajini_Nicholas,37158.0,individual,1638
Rajini_Nicholas,37156.0,individual,1639
TubmanOdoyo,228.0,individual,1640
stewartdemich,1410.0,individual,1641
stewartdemich,1407.0,individual,1642
Tonnie_Kroos,25746.0,individual,1643
DenviQ_Kenya,6380.0,organisational,1644
badgirlsbible_0,469.0,individual,1645
brandy2sexy,3245.0,individual,1646
SirKoech,2783.0,individual,1647
ghafla_kenya,6530.0,organisational,1648
Mr_ephra_cfc,1578.0,individual,1649
Mosbeybz,78.0,individual,1650
allan_kiborek,1634.0,individual,1651
Mugutmaat985,3083.0,individual,1652
pbag_theatre,1063.0,individual,1653
__marcelo2,1723.0,individual,1654
EzraOndara,38.0,individual,1655
de_wach,1239.0,individual,1656
EdwinAndabwa,56.0,individual,1657
BrianKasanga,206.0,individual,1658
Migwi_Ndungu,280.0,individual,1659
wambuijohnson,1314.0,individual,1660
crystalbeautypl,815.0,organisational,1661
dennostepper7,622.0,individual,1662
GodfearingDude,2263.0,individual,1663
jomwaka2001,381.0,individual,1664
jomwaka2001,379.0,individual,1665
kibettigit,72.0,individual,1666
MutumaKenn,12.0,individual,1667
JosephKitonga4,336.0,organisational,1668
wangui_ngirci,299.0,individual,1669
BoniKanyuira,343.0,individual,1670
Dicesounds,47.0,organisational,1671
spoiler77521449,15.0,individual,1672
MsaTopBlogger,1476.0,individual,1673
Its_Kipsang,1778.0,individual,1674
Kifaru_Insome,425.0,individual,1675
Baxsan10,201.0,individual,1676
EngOkora,63.0,individual,1677
KenAdera,9.0,individual,1678
SharonNaserian6,5.0,individual,1679
Berlin29Ke,1047.0,individual,1680
Berlin29Ke,1046.0,individual,1681
JoeAsali,13335.0,individual,1682
mykol_Kinsley,48.0,individual,1683
TechniquesPowe1,285.0,individual,1684
Kimaru_Bett,201.0,individual,1685
KEVINFRANCOKEV1,2234.0,individual,1686
JaneSige,586.0,individual,1687
JaneSige,580.0,individual,1688
benayawawire,107.0,individual,1689
UhuruMuigaii,11.0,individual,1690
el_ngoya,1800.0,individual,1691
kimsmann,411.0,individual,1692
Deeramt,147.0,individual,1693
Tommy642929821,24.0,individual,1694
MwauraMbugua_,1041.0,individual,1695
johnnnovic,115.0,individual,1696
VKwoma,598.0,individual,1697
PrinceGideon01,72.0,individual,1698
duoncorleone,1751.0,individual,1699
streetking_ke,6523.0,individual,1700
ngenodominic4,414.0,individual,1701
PatrickKahonge,820.0,individual,1702
Paul03238130,749.0,individual,1703
Paul03238130,743.0,individual,1704
Harnicho1,796.0,individual,1705
nderitu_kevyn,657.0,individual,1706
nderitu_kevyn,656.0,individual,1707
Felistakare,275.0,individual,1708
chepdebby,33.0,individual,1709
mutethiafredie,1801.0,individual,1710
254_don,1065.0,individual,1711
FreewordKE,51.0,individual,1712
KiptooCaroly,4213.0,individual,1713
KiptooCaroly,4219.0,individual,1714
JacktonV,179.0,individual,1715
GichuhiwaNjogu,5781.0,individual,1716
OkoaKeAll,125.0,individual,1717
BrianRyanz,1575.0,individual,1718
kimathi_gitonga,74.0,individual,1719
DaudiPhil,389.0,individual,1720
LinusMaclean,2702.0,individual,1721
Eugene_Ashiundu,1396.0,individual,1722
Ambrosetaracha7,1462.0,individual,1723
NgaoMark,243.0,individual,1724
DannyGreat9,76.0,individual,1725
korirkipvin,1174.0,individual,1726
sharonkoriryo,480.0,individual,1727
Willikims,8.0,individual,1728
KiturDickson,916.0,individual,1729
Chesirecornes,418.0,individual,1730
Chesirecornes,417.0,individual,1731
RutoKosgei,1688.0,individual,1732
towett_larry,117.0,individual,1733
PigfarmerSamia,59.0,individual,1734
wanyandeevans,368.0,individual,1735
SoliteiK,274.0,individual,1736
SoliteiK,273.0,individual,1737
Renegade_KE,1324.0,individual,1738
stineyegon,82.0,individual,1739
kelvinkabu,2467.0,individual,1740
kelvinkabu,2466.0,individual,1741
QueenFatumah,1028.0,individual,1742
Shibalirajacque,431.0,individual,1743
Felix_Serem,3465.0,individual,1744
Felix_Serem,3462.0,individual,1745
MalikSurum,938.0,individual,1746
vic_tumitumi,1933.0,individual,1747
AaronMutai5,1636.0,individual,1748
AaronMutai5,1628.0,individual,1749
Kandie_Nk,167.0,individual,1750
samndirangu10,2071.0,individual,1751
samndirangu10,2068.0,individual,1752
ischtka,290.0,individual,1753
viral_chiku,160.0,individual,1754
BonvicKiptoo,155.0,individual,1755
Raphael332074,1178.0,individual,1756
JAMWAMU,207.0,individual,1757
Hela4Senator,22.0,individual,1758
dennnnis_king,2277.0,individual,1759
chebii_joan,567.0,individual,1760
chebii_joan,568.0,individual,1761
Rwantess,7268.0,individual,1762
Dansan_Eminen,1992.0,individual,1763
dankimori,655.0,individual,1764
ja_nyakach,1175.0,individual,1765
IsaackKibet10,31.0,individual,1766
kiprono_kip,826.0,individual,1767
7Dennilson,131.0,individual,1768
UsainAlly,92.0,individual,1769
chris_natuleng,113.0,individual,1770
DrSWilliamRuto,7640.0,individual,1771
DrSWilliamRuto,7641.0,individual,1772
PMugoMugo,4730.0,individual,1773
Murimi_Mwai01,447.0,individual,1774
Murimi_Mwai01,449.0,individual,1775
Maxi_7714_,401.0,individual,1776
digitalizedKE,2904.0,individual,1777
kib3tt,1913.0,individual,1778
TheeJackson_,1430.0,individual,1779
geff_kipkoech,2460.0,individual,1780
geff_kipkoech,2463.0,individual,1781
Kecheii001,776.0,individual,1782
KiptooRuto_,2049.0,individual,1783
hhammua1,833.0,individual,1784
abukoabuko20,908.0,individual,1785
CalcPaul,15.0,individual,1786
dcijuja,1604.0,individual,1787
kipkeuchelimo,2021.0,individual,1788
kimusta,737.0,individual,1789
Jonngc,299.0,individual,1790
Jonngc,298.0,individual,1791
SelinaTeyie,16351.0,individual,1792
SelinaTeyie,16348.0,individual,1793
SelinaTeyie,16347.0,individual,1794
SelinaTeyie,16365.0,individual,1795
SelinaTeyie,16364.0,individual,1796
SelinaTeyie,16363.0,individual,1797
selemani_kenya,6635.0,individual,1798
VictorBartoo,544.0,individual,1799
NjoguCasto,98.0,individual,1800
BarmasaBarmasa,2466.0,individual,1801
tabani_anthony,1069.0,individual,1802
PeoplesMesseng2,1510.0,individual,1803
ItsKibet254,25371.0,individual,1804
chrisheartbit,380.0,individual,1805
MybigorderKe,286.0,organisational,1806
leomtetezy,394.0,individual,1807
CursorSuppliers,503.0,individual,1808
Ntomugania,2114.0,individual,1809
KinyuaMuchoki,84.0,individual,1810
BeingCheruu,507.0,individual,1811
CypKim,885.0,individual,1812
karenmwakio,1667.0,individual,1813
dougie_gathitu,629.0,individual,1814
jossyKe10,23.0,individual,1815
GideonKoech,4366.0,individual,1816
DjibrilJuma,367.0,individual,1817
DjibrilJuma,365.0,individual,1818
Stephenmacha2,9.0,individual,1819
RobjunLimited,3674.0,organisational,1820
bbg_Nancy,1468.0,individual,1821
muigai_Nywele,4365.0,individual,1822
IvyGaku,18549.0,individual,1823
MkulimaBm,7240.0,individual,1824
PloSigei,3146.0,individual,1825
youngkayla2000,211.0,individual,1826
BettKiptooElvis,332.0,individual,1827
Alex_Ogada,435.0,individual,1828
alphoncetiffz,443.0,individual,1829
maryatieno2011,407.0,individual,1830
Abdiqadir_H_A,209.0,individual,1831
alex_njuguna17,3423.0,individual,1832
CollinsKibetKo3,1947.0,individual,1833
Gandalf_vih,7202.0,individual,1834
Kiprotichtonu19,46.0,individual,1835
Dennoh_kelly,1094.0,individual,1836
Nyargidaktari,54905.0,individual,1837
Fling_Guss,1060.0,individual,1838
DonJay_07,30441.0,individual,1839
Luciann254,855.0,individual,1840
KENCHERUIYOT9,3024.0,individual,1841
chumba_1801,454.0,individual,1842
Bonniekaf,358.0,individual,1843
Bonniekaf,356.0,individual,1844
Bonniekaf,355.0,individual,1845
Leroy_254,2481.0,individual,1846
KoganjoKE,221.0,individual,1847
KoganjoKE,219.0,individual,1848
kibet_too,1196.0,individual,1849
SheillahMambo,2296.0,individual,1850
kirimifrank8,2236.0,individual,1851
Chegejnr,859.0,individual,1852
Chegejnr,870.0,individual,1853
djtosh31,759.0,individual,1854
_KibetClinton,9818.0,individual,1855
veak_arts,3092.0,individual,1856
BobOtienoOwino,885.0,individual,1857
kuriazach,75.0,individual,1858
Kyule254,24289.0,individual,1859
Kyule254,24292.0,individual,1860
Kyule254,24293.0,individual,1861
HonAbdik,51459.0,individual,1862
vinnieomegah,109.0,individual,1863
nichomaingi,32527.0,individual,1864
elsonTys1,618.0,individual,1865
madense,1650.0,individual,1866
madense,1649.0,individual,1867
MutaiObed,1622.0,individual,1868
tim_kasimolo,1287.0,individual,1869
albert_chiro,1353.0,individual,1870
MacdonaldMaany2,34.0,individual,1871
qybe_marlaw,878.0,individual,1872
otieno_elija,21.0,individual,1873
nic_deemamany,5071.0,individual,1874
brianlelimo,138.0,individual,1875
MugoKenny,577.0,individual,1876
VinnyyobzK,2576.0,individual,1877
mocemartin,1113.0,individual,1878
KE100V_KE100V,86.0,individual,1879
festus_kenga,758.0,individual,1880
RuttoHon,18.0,individual,1881
kgitonga67,1392.0,individual,1882
PhinyNamu,18352.0,individual,1883
WillyKpsony,1661.0,individual,1884
Sanjotz,641.0,individual,1885
JWangto,1005.0,individual,1886
wagurasam,17707.0,individual,1887
Rotichk2,440.0,individual,1888
LawrenceKibet,274.0,individual,1889
mugojay895,1036.0,individual,1890
Echolnk,2427.0,organisational,1891
MiqChelsea,3358.0,individual,1892
peterMwita3,2164.0,individual,1893
100Manoti,961.0,organisational,1894
ozark_man,8544.0,individual,1895
estherkaya344,32.0,individual,1896
am_josphat,5087.0,individual,1897
EngineerAron,620.0,individual,1898
EzbonCheruiyot,549.0,individual,1899
endrymwaka,270.0,individual,1900
isaacka97,288.0,individual,1901
jim_munene,497.0,individual,1902
KorosIvan,161.0,individual,1903
dunny_33ke,1064.0,individual,1904
c_murugi4,1673.0,individual,1905
ItsAmosToo,1811.0,individual,1906
mudfishKenya,6214.0,individual,1907
itsdanteh_,925.0,individual,1908
JohnMainga4,239.0,individual,1909
MuneneWaNjeru,2821.0,individual,1910
Apologistmirror,546.0,individual,1911
hmureithi,0.0,Unknown,1912
kenyans,0.0,Unknown,1913
oleitumbi,0.0,Unknown,1914
williamsruto,0.0,Unknown,1915
,0.0,Unknown,1916
Unknown,0.0,Unknown,1917
biancawamu,0.0,Unknown,1918
peterratemo4,0.0,Unknown,1919
husseinmohamedg,0.0,Unknown,1920
wmmartha,0.0,Unknown,1921
gunnerafrican,0.0,Unknown,1922
sakajajohnson,0.0,Unknown,1923
udakenya,0.0,Unknown,1924
rigathi,0.0,Unknown,1925
nduyamuthama,0.0,Unknown,1926
standardkenya,0.0,Unknown,1927
donaldbkipkorir,0.0,Unknown,1928
womenruto,0.0,Unknown,1929
isaackmutai9,0.0,Unknown,1930
railaodinga,0.0,Unknown,1931
evans_miloo,0.0,Unknown,1932
mwalimu_amunga,0.0,Unknown,1933
musaliamudavadi,0.0,Unknown,1934
kenyakwanza,0.0,Unknown,1935
kbonimtetezi,0.0,Unknown,1936
ahmednasirlaw,0.0,Unknown,1937
nelsonhavi,0.0,Unknown,1938
dr_mutaieric,0.0,Unknown,1939
koechnelsonk,0.0,Unknown,1940
aaroncheruiyot,0.0,Unknown,1941
rigathgachagua,0.0,Unknown,1942
sheilasifuma,0.0,Unknown,1943
citizentvkenya,0.0,Unknown,1944
nationafrica,0.0,Unknown,1945
dci_kenya,0.0,Unknown,1946
honmoses_kuria,0.0,Unknown,1947
kwamatangi,0.0,Unknown,1948
honkabogo,0.0,Unknown,1949
cynthiakimanyi1,0.0,Unknown,1950
cubesandcontainers,0.0,Unknown,1951
makaumutua,0.0,Unknown,1952
jose_ochyberry,0.0,Unknown,1953
lu_qme,0.0,Unknown,1954
bcherich,0.0,Unknown,1955
wehliyemohamed,0.0,Unknown,1956
muriithironny,0.0,Unknown,1957
tidmaster,0.0,Unknown,1958
ababunamwamba,0.0,Unknown,1959
marthakarua,0.0,Unknown,1960
vote_hopeke,0.0,Unknown,1961
vincentmobe,0.0,Unknown,1962
miltonojwang79,0.0,Unknown,1963
beaty_ottawa,0.0,Unknown,1964
honadenduale,0.0,Unknown,1965
shikoessie2,0.0,Unknown,1966
socrazy_254,0.0,Unknown,1967
joe_munene1,0.0,Unknown,1968
f_m_networks,0.0,Unknown,1969
iankebenei,0.0,Unknown,1970
williamsmkenya,0.0,Unknown,1971
udapartyke,0.0,Unknown,1972
jessesaruni,0.0,Unknown,1973
skmusyoka,0.0,Unknown,1974
mtetezi_ke,0.0,Unknown,1975
nickruto_,0.0,Unknown,1976
speakerjbmuturi,0.0,Unknown,1977
mosewetangula,0.0,Unknown,1978
friedrichngumbi,0.0,Unknown,1979
virginhoffice,0.0,Unknown,1980
josenzana,0.0,Unknown,1981
kingspaperworks,0.0,Unknown,1982
gadgetworld254,0.0,Unknown,1983
hongachagua_,0.0,Unknown,1984
dissecthub,0.0,Unknown,1985
bonifacemwangi,0.0,Unknown,1986
kanuparty_ke,0.0,Unknown,1987
kanucongress,0.0,Unknown,1988
maishatvke,0.0,Unknown,1989
kithurekindiki_,0.0,Unknown,1990
youtube,0.0,Unknown,1991
hebabuowino,0.0,Unknown,1992
iconske,0.0,Unknown,1993
leemakwiny,0.0,Unknown,1994
kiongozigk,0.0,Unknown,1995
gichagamwangi,0.0,Unknown,1996
wetangulam,0.0,Unknown,1997
honkangata,0.0,Unknown,1998
sonkonews,0.0,Unknown,1999
pauline,0.0,Unknown,2000
jerrymarita,0.0,Unknown,2001
paulinenjau5,0.0,Unknown,2002
ntvkenya,0.0,Unknown,2003
honjamleckkamau,0.0,Unknown,2004
zacbabel,0.0,Unknown,2005
700k,0.0,Unknown,2006
vip_sure_bets,0.0,Unknown,2007
ezraondara,0.0,Unknown,2008
mcshynne_ke,0.0,Unknown,2009
techniquespowe1for,0.0,Unknown,2010
westsevenn,0.0,Unknown,2011
bkhaniri,0.0,Unknown,2012
dralfredmutua,0.0,Unknown,2013
jonngc,0.0,Unknown,2014
_kibetclinton,0.0,Unknown,2015
levis_254,0.0,Unknown,2016
gandalf_vih,0.0,Unknown,2017
dennoh_kelly,0.0,Unknown,2018
luciann254,0.0,Unknown,2019
mutaiobed,0.0,Unknown,2020
qosmow,0.0,Unknown,2021
drmugogichuki,0.0,Unknown,2022
